2026-05-26T12:34:35,1b1244d7-a117-4944-8e34-59ffad94be77,Дело о странных сообщениях,intro_intro,start,,,,,False,0,0,0,0
timestamp,session_id,case_title,current_node,event_type,question,student_answer,classification,next_node,is_hint,security_score,rules_score,code_score,hypothesis_score
2026-05-26T12:34:35,9c707547-c073-46be-9f19-f4c74e550ac1,Дело о странных сообщениях,intro_intro,start,,,,,False,0,0,0,0
2026-05-26T12:53:24,6c2a2f45-b03f-4c43-8b37-9291517a70c8,Дело о странных сообщениях,intro_intro,start,,,,,False,0,0,0,0
2026-05-26T12:53:25,a08e7233-9a6b-4be6-b532-fe1716b01940,Дело о странных сообщениях,intro_intro,start,,,,,False,0,0,0,0
2026-05-26T13:01:25,267f48e8-1853-4253-ba3b-5f9d76380003,Дело о странных сообщениях,intro_intro,start,,,,,False,0,0,0,0
2026-05-26T13:01:26,02e40d8c-7e1c-4236-9b5e-4d33cff396d5,Дело о странных сообщениях,intro_intro,start,,,,,False,0,0,0,0
2026-05-26T13:09:24,51ee0de1-3575-4b06-af3f-18acbccb37c5,Дело о странных сообщениях,intro_intro,start,,,,,False,0,0,0,0
2026-05-26T13:09:25,44911a5c-98c0-4f80-b92c-735321927047,Дело о странных сообщениях,intro_intro,start,,,,,False,0,0,0,0
2026-05-26T13:16:15,514548a9-85bc-42bf-893b-3afa483399bf,Дело о странных сообщениях,intro_intro,start,,,,,False,0,0,0,0
2026-05-26T13:16:15,0540f085-e84e-49e4-91b2-7067c47db74c,Дело о странных сообщениях,intro_intro,start,,,,,False,0,0,0,0
2026-05-26T13:35:33,faded4ff-7cd8-44e6-a601-6c02e8c5c9ec,Дело о странных сообщениях,intro_intro,start,,,,,False,0,0,0,0
2026-05-26T13:35:36,014c3160-9e49-4eae-8586-254b2b021a39,Дело о странных сообщениях,intro_intro,start,,,,,False,0,0,0,0
2026-05-26T13:43:19,bdbd4e05-a745-4439-85ba-e70e2ee08f97,Дело о странных сообщениях,intro_intro,start,,,,,False,0,0,0,0
2026-05-26T13:43:20,2b713130-3291-4f85-bea4-1351683449c0,Дело о странных сообщениях,intro_intro,start,,,,,False,0,0,0,0
2026-05-26T13:47:23,2b713130-3291-4f85-bea4-1351683449c0,Дело о странных сообщениях,intro_intro,answer_submitted,"Ответь явно: «да», «ок», «давай попробуем» или как‑то ещё согласись помочь Ване.",да,good,intro_characters,False,0,0,0,0
2026-05-26T13:47:35,2b713130-3291-4f85-bea4-1351683449c0,Дело о странных сообщениях,intro_characters,continue_without_answer,,,,characters_table,False,0,0,0,0
2026-05-26T13:48:57,2b713130-3291-4f85-bea4-1351683449c0,Дело о странных сообщениях,characters_table,continue_without_answer,,,,t1_security_intro,False,0,0,0,0
2026-05-26T13:54:37,131b5b76-0cd4-477b-b42d-43d8560c5786,Дело о странных сообщениях,intro_intro,start,,,,,False,0,0,0,0
2026-05-26T13:54:37,718d44c3-9f50-4a8d-b0be-94657137a02c,Дело о странных сообщениях,intro_intro,start,,,,,False,0,0,0,0
2026-05-26T13:55:03,131b5b76-0cd4-477b-b42d-43d8560c5786,Дело о странных сообщениях,intro_intro,answer_submitted,"Ответь явно: «да», «ок», «давай попробуем» или как‑то ещё согласись помочь Ване.",ок,good,intro_characters,False,0,0,0,0
2026-05-26T13:55:09,131b5b76-0cd4-477b-b42d-43d8560c5786,Дело о странных сообщениях,intro_characters,continue_without_answer,,,,characters_table,False,0,0,0,0
2026-05-26T14:09:11,c119eb04-c1c1-4c37-9e0e-5275eca14735,Дело о странных сообщениях,intro_intro,start,,,,,False,0,0,0,0
2026-05-26T14:09:12,838a737c-36dc-4ece-ae78-b3ef503cea3e,Дело о странных сообщениях,intro_intro,start,,,,,False,0,0,0,0
2026-05-26T14:09:28,838a737c-36dc-4ece-ae78-b3ef503cea3e,Дело о странных сообщениях,intro_intro,answer_submitted,"Ответь явно: «да», «ок», «давай попробуем» или как‑то ещё согласись помочь Ване.",да,good,intro_characters,False,0,0,0,0
2026-05-26T14:11:45,6bc8dc7a-4c66-44ed-ac10-b97e8e8f4383,Дело о странных сообщениях,intro_intro,start,,,,,False,0,0,0,0
2026-05-26T14:11:46,95e4be8c-29d0-4fda-9743-dc324ff30d41,Дело о странных сообщениях,intro_intro,start,,,,,False,0,0,0,0
2026-05-26T14:11:50,6bc8dc7a-4c66-44ed-ac10-b97e8e8f4383,Дело о странных сообщениях,intro_intro,answer_submitted,"Ответь явно: «да», «ок», «давай попробуем» или как‑то ещё согласись помочь Ване.",да,good,intro_characters,False,0,0,0,0
2026-05-26T14:11:53,6bc8dc7a-4c66-44ed-ac10-b97e8e8f4383,Дело о странных сообщениях,intro_characters,continue_without_answer,,,,characters_table,False,0,0,0,0
2026-05-26T14:20:28,ff8d0eef-6b07-4470-97d5-a4acb85274ab,Дело о странных сообщениях,intro_intro,start,,,,,False,0,0,0,0
2026-05-26T14:20:28,2803bbff-3ad4-4050-b3b7-d220d2229ff7,Дело о странных сообщениях,intro_intro,start,,,,,False,0,0,0,0
2026-05-26T14:22:02,0993abb6-8184-4d64-a0dd-607efc4bb46c,Дело о странных сообщениях,intro_intro,start,,,,,False,0,0,0,0
2026-05-26T14:22:03,9f3f01fe-4f1b-41d8-970b-e207673dfd01,Дело о странных сообщениях,intro_intro,start,,,,,False,0,0,0,0
2026-05-26T14:22:09,0993abb6-8184-4d64-a0dd-607efc4bb46c,Дело о странных сообщениях,intro_intro,answer_submitted,"Ответь явно: «да», «ок», «давай попробуем» или как‑то ещё согласись помочь Ване.",да,good,intro_characters,False,0,0,0,0
2026-05-26T14:22:10,0993abb6-8184-4d64-a0dd-607efc4bb46c,Дело о странных сообщениях,intro_characters,continue_without_answer,,,,characters_table,False,0,0,0,0
2026-05-26T17:08:49,d2aed8fb-af1b-4e0f-b7f1-0b1fb41c6ce3,Дело о странных сообщениях,intro_intro,start,,,,,False,0,0,0,0
2026-05-26T17:34:50,1ca5c2a8-2a19-4f6a-b437-3c9be0cab78e,Дело о странных сообщениях,intro_intro,start,,,,,False,0,0,0,0
2026-05-26T17:34:51,19799d95-50ef-4cfb-b919-59d9ac2e9ee7,Дело о странных сообщениях,intro_intro,start,,,,,False,0,0,0,0
2026-05-26T17:35:18,19799d95-50ef-4cfb-b919-59d9ac2e9ee7,Дело о странных сообщениях,intro_intro,answer_submitted,"Ответь явно: «да», «ок», «давай попробуем» или как‑то ещё согласись помочь Ване.",да,good,intro_characters,False,0,0,0,0
2026-05-26T17:35:21,19799d95-50ef-4cfb-b919-59d9ac2e9ee7,Дело о странных сообщениях,intro_characters,continue_without_answer,,,,characters_table,False,0,0,0,0
2026-05-26T17:42:19,19799d95-50ef-4cfb-b919-59d9ac2e9ee7,Дело о странных сообщениях,characters_table,continue_without_answer,,,,t1_security_intro,False,0,0,0,0
2026-05-26T17:53:45,6ce7fbf8-7ccc-456b-97ef-5d6cf1ee22e4,Дело о странных сообщениях,intro_intro,start,,,,,False,0,0,0,0
2026-05-26T17:54:19,4f4f4ea4-b41e-43d3-ba1a-acd84bee7135,Дело о странных сообщениях,intro_intro,start,,,,,False,0,0,0,0
2026-05-26T17:55:04,ea664b80-4158-4038-b46e-aaf7258da1d7,Дело о странных сообщениях,intro_intro,start,,,,,False,0,0,0,0
2026-05-26T17:57:37,c1549008-53ff-4a82-8edf-eddf256b8886,Дело о странных сообщениях,intro_intro,start,,,,,False,0,0,0,0
2026-05-26T17:58:19,1a755364-68d0-455c-b244-6f2d053cb891,Дело о странных сообщениях,intro_intro,start,,,,,False,0,0,0,0
2026-05-26T18:00:40,92158d5f-8156-453d-9971-6c618b94017b,Дело о странных сообщениях,intro_intro,start,,,,,False,0,0,0,0
2026-05-26T18:00:41,7c47f6f6-1db7-4699-8d4e-4f78b784818e,Дело о странных сообщениях,intro_intro,start,,,,,False,0,0,0,0
2026-05-26T18:02:17,92158d5f-8156-453d-9971-6c618b94017b,Дело о странных сообщениях,intro_intro,answer_submitted,"Ответь явно: «да», «ок», «давай попробуем» или как‑то ещё согласись помочь Ване.",да,good,intro_characters,False,0,0,0,0
2026-05-26T18:02:30,92158d5f-8156-453d-9971-6c618b94017b,Дело о странных сообщениях,intro_characters,continue_without_answer,,,,characters_table,False,0,0,0,0
2026-05-26T18:02:48,92158d5f-8156-453d-9971-6c618b94017b,Дело о странных сообщениях,characters_table,continue_without_answer,,,,t1_security_intro,False,0,0,0,0
2026-05-26T18:11:12,dc503e91-a8d9-4da5-9957-bef80efb7cdb,Дело о странных сообщениях,intro_intro,start,,,,,False,0,0,0,0
2026-05-26T18:11:13,a92e063c-801f-49a6-841e-bf63b185501d,Дело о странных сообщениях,intro_intro,start,,,,,False,0,0,0,0
2026-05-26T18:11:45,a92e063c-801f-49a6-841e-bf63b185501d,Дело о странных сообщениях,intro_intro,answer_submitted,"Ответь явно: «да», «ок», «давай попробуем» или как‑то ещё согласись помочь Ване.",да,good,intro_characters,False,0,0,0,0
2026-05-26T18:12:51,a92e063c-801f-49a6-841e-bf63b185501d,Дело о странных сообщениях,intro_characters,continue_without_answer,,,,characters_table,False,0,0,0,0
2026-05-26T18:12:54,a92e063c-801f-49a6-841e-bf63b185501d,Дело о странных сообщениях,characters_table,continue_without_answer,,,,t1_security_intro,False,0,0,0,0
2026-05-26T18:16:51,dce7e8ff-00e1-4335-b9ff-d3b2b562e3b3,Дело о странных сообщениях,intro_intro,start,,,,,False,0,0,0,0
2026-05-26T18:16:52,501a7cc9-5621-4664-a4b1-31c88fab1bdb,Дело о странных сообщениях,intro_intro,start,,,,,False,0,0,0,0
2026-05-26T18:17:21,501a7cc9-5621-4664-a4b1-31c88fab1bdb,Дело о странных сообщениях,intro_intro,answer_submitted,"Ответь явно: «да», «ок», «давай попробуем» или как‑то ещё согласись помочь Ване.",да,good,intro_characters,False,0,0,0,0
2026-05-26T18:17:28,501a7cc9-5621-4664-a4b1-31c88fab1bdb,Дело о странных сообщениях,intro_characters,continue_without_answer,,,,characters_table,False,0,0,0,0
2026-05-26T18:17:40,501a7cc9-5621-4664-a4b1-31c88fab1bdb,Дело о странных сообщениях,characters_table,continue_without_answer,,,,t1_security_intro,False,0,0,0,0
2026-05-26T18:26:14,8918279a-423d-4b31-af93-8cb393e0740d,Дело о странных сообщениях,intro_intro,start,,,,,False,0,0,0,0
2026-05-26T18:26:15,68ae4c31-b4f5-46a0-8925-32232e0d6e26,Дело о странных сообщениях,intro_intro,start,,,,,False,0,0,0,0
2026-05-26T18:26:42,68ae4c31-b4f5-46a0-8925-32232e0d6e26,Дело о странных сообщениях,intro_intro,answer_submitted,"Ответь явно: «да», «ок», «давай попробуем» или как‑то ещё согласись помочь Ване.",да,good,intro_characters,False,0,0,0,0
2026-05-26T18:26:45,68ae4c31-b4f5-46a0-8925-32232e0d6e26,Дело о странных сообщениях,intro_characters,continue_without_answer,,,,characters_table,False,0,0,0,0
2026-05-26T18:26:59,68ae4c31-b4f5-46a0-8925-32232e0d6e26,Дело о странных сообщениях,characters_table,continue_without_answer,,,,t1_security_intro,False,0,0,0,0
2026-05-26T18:29:31,68ae4c31-b4f5-46a0-8925-32232e0d6e26,Дело о странных сообщениях,t1_security_intro,answer_submitted,"напиши, какие сообщения/файлы с номерами 1–8 кажутся тебе подозрительными. потом выбери одно и объясни, что именно в нём стрёмного.","думаю сообщения 4 5 6 7 8 опасны, так как там исползуются личные данные для угрозы людей",good,t1_security_reflect,False,2,0,0,0
2026-05-26T18:30:09,68ae4c31-b4f5-46a0-8925-32232e0d6e26,Дело о странных сообщениях,t1_security_reflect,answer_submitted,напиши пару мыслей: что в этой истории с ботом тебя больше всего цепляет или кажется нелогичным.,"да много чего, вообще странно что он так себя ведёт, хотелось бы посмотреть на его реализацию. бот должен отправлять напоминания, а отправляет угрозы. вряд ли он сам это делает.",good,t1_security_vanya_ideas,False,2,0,0,2
2026-05-26T18:33:22,546c7837-6eb2-4bbc-8263-88d7710babfc,Дело о странных сообщениях,intro_intro,start,,,,,False,0,0,0,0
2026-05-26T18:33:23,9e048d9c-6fcd-484b-85d1-70b1da9f681d,Дело о странных сообщениях,intro_intro,start,,,,,False,0,0,0,0
2026-05-26T18:34:29,9e048d9c-6fcd-484b-85d1-70b1da9f681d,Дело о странных сообщениях,intro_intro,answer_submitted,"Ответь явно: «да», «ок», «давай попробуем» или как‑то ещё согласись помочь Ване.",ок,good,intro_characters,False,0,0,0,0
2026-05-26T18:34:32,9e048d9c-6fcd-484b-85d1-70b1da9f681d,Дело о странных сообщениях,intro_characters,continue_without_answer,,,,characters_table,False,0,0,0,0
2026-05-26T18:34:34,9e048d9c-6fcd-484b-85d1-70b1da9f681d,Дело о странных сообщениях,characters_table,continue_without_answer,,,,t1_security_intro,False,0,0,0,0
2026-05-26T18:40:59,f5471589-e3f6-468f-944b-eff81d92e5d1,Дело о странных сообщениях,intro_intro,start,,,,,False,0,0,0,0
2026-05-26T18:41:04,7d37717b-8b47-4fd0-8cbf-2491ef03beb5,Дело о странных сообщениях,intro_intro,start,,,,,False,0,0,0,0
2026-05-26T18:42:00,7d37717b-8b47-4fd0-8cbf-2491ef03beb5,Дело о странных сообщениях,intro_intro,answer_submitted,"Ответь явно: «да», «ок», «давай попробуем» или как‑то ещё согласись помочь Ване.",да,good,intro_characters,False,0,0,0,0
2026-05-26T18:42:02,7d37717b-8b47-4fd0-8cbf-2491ef03beb5,Дело о странных сообщениях,intro_characters,continue_without_answer,,,,characters_table,False,0,0,0,0
2026-05-26T18:42:07,7d37717b-8b47-4fd0-8cbf-2491ef03beb5,Дело о странных сообщениях,characters_table,continue_without_answer,,,,t1_security_intro,False,0,0,0,0
2026-05-26T18:49:35,4e9ac229-7731-4311-9509-ee521a01ae21,Дело о странных сообщениях,intro_intro,start,,,,,False,0,0,0,0
2026-05-26T18:49:36,8ccf8665-3f31-426c-941b-c4ff6f1097b7,Дело о странных сообщениях,intro_intro,start,,,,,False,0,0,0,0
2026-05-26T18:50:19,8ccf8665-3f31-426c-941b-c4ff6f1097b7,Дело о странных сообщениях,intro_intro,answer_submitted,"Ответь явно: «да», «ок», «давай попробуем» или как‑то ещё согласись помочь Ване.",да,good,intro_characters,False,0,0,0,0
2026-05-26T18:50:25,8ccf8665-3f31-426c-941b-c4ff6f1097b7,Дело о странных сообщениях,intro_characters,continue_without_answer,,,,characters_table,False,0,0,0,0
2026-05-26T18:50:28,8ccf8665-3f31-426c-941b-c4ff6f1097b7,Дело о странных сообщениях,characters_table,continue_without_answer,,,,t1_security_intro,False,0,0,0,0
2026-05-26T19:03:57,08db317c-6424-49c9-8b8e-d75d84675751,Дело о странных сообщениях,intro_intro,start,,,,,False,0,0,0,0
2026-05-26T19:03:58,68c1c1e6-0c3c-445c-bdf8-849cf057e1ec,Дело о странных сообщениях,intro_intro,start,,,,,False,0,0,0,0
2026-05-26T19:04:18,68c1c1e6-0c3c-445c-bdf8-849cf057e1ec,Дело о странных сообщениях,intro_intro,answer_submitted,"Ответь явно: «да», «ок», «давай попробуем» или как‑то ещё согласись помочь Ване.",ок,good,intro_characters,False,0,0,0,0
2026-05-26T19:04:27,68c1c1e6-0c3c-445c-bdf8-849cf057e1ec,Дело о странных сообщениях,intro_characters,continue_without_answer,,,,characters_table,False,0,0,0,0
2026-05-26T19:04:38,68c1c1e6-0c3c-445c-bdf8-849cf057e1ec,Дело о странных сообщениях,characters_table,continue_without_answer,,,,t1_security_intro,False,0,0,0,0
2026-05-26T19:14:00,eb83fb3c-2379-48b3-a4bd-36beee7f0641,Дело о странных сообщениях,intro_intro,start,,,,,False,0,0,0,0
2026-05-26T19:14:00,b4f86cd5-b658-46ce-8d6f-a6aabe2280c8,Дело о странных сообщениях,intro_intro,start,,,,,False,0,0,0,0
2026-05-26T19:14:28,b4f86cd5-b658-46ce-8d6f-a6aabe2280c8,Дело о странных сообщениях,intro_intro,answer_submitted,"Ответь явно: «да», «ок», «давай попробуем» или как‑то ещё согласись помочь Ване.",да,good,intro_characters,False,0,0,0,0
2026-05-26T19:14:35,b4f86cd5-b658-46ce-8d6f-a6aabe2280c8,Дело о странных сообщениях,intro_characters,continue_without_answer,,,,characters_table,False,0,0,0,0
2026-05-26T19:14:43,b4f86cd5-b658-46ce-8d6f-a6aabe2280c8,Дело о странных сообщениях,characters_table,continue_without_answer,,,,t1_security_intro,False,0,0,0,0
2026-05-26T19:22:55,4f32944f-88f3-416f-8779-d29f0e37b1d9,Дело о странных сообщениях,intro_intro,start,,,,,False,0,0,0,0
2026-05-26T19:22:56,f9b1a2b5-963b-4b74-aefd-36890dd8df22,Дело о странных сообщениях,intro_intro,start,,,,,False,0,0,0,0
2026-05-26T19:23:11,f9b1a2b5-963b-4b74-aefd-36890dd8df22,Дело о странных сообщениях,intro_intro,answer_submitted,"Ответь явно: «да», «ок», «давай попробуем» или как‑то ещё согласись помочь Ване.",ок,good,intro_characters,False,0,0,0,0
2026-05-26T19:23:26,f9b1a2b5-963b-4b74-aefd-36890dd8df22,Дело о странных сообщениях,intro_characters,continue_without_answer,,,,characters_table,False,0,0,0,0
2026-05-26T19:23:31,f9b1a2b5-963b-4b74-aefd-36890dd8df22,Дело о странных сообщениях,characters_table,continue_without_answer,,,,t1_security_intro,False,0,0,0,0
2026-05-26T19:25:30,17d2f481-e76b-48bc-9f12-56fd598092d7,Дело о странных сообщениях,intro_intro,start,,,,,False,0,0,0,0
2026-05-26T19:31:19,5e54ed0b-98d7-43ab-890b-3ea75edd5b3d,Дело о странных сообщениях,intro_intro,start,,,,,False,0,0,0,0
2026-05-26T19:31:20,0ce0f214-2222-4d1b-90e4-2f3d9653a86f,Дело о странных сообщениях,intro_intro,start,,,,,False,0,0,0,0
2026-05-26T19:32:54,a4951ad6-e9b2-45a2-99bb-52d76b4e72f0,Дело о странных сообщениях,intro_intro,start,,,,,False,0,0,0,0
2026-05-26T19:32:55,e8172da7-3a0e-48ec-a30d-9ba61551e18f,Дело о странных сообщениях,intro_intro,start,,,,,False,0,0,0,0
2026-05-26T19:34:16,e8172da7-3a0e-48ec-a30d-9ba61551e18f,Дело о странных сообщениях,intro_intro,answer_submitted,"Ответь явно: «да», «ок», «давай попробуем» или как‑то ещё согласись помочь Ване.",да,good,intro_characters,False,0,0,0,0
2026-05-26T19:34:21,e8172da7-3a0e-48ec-a30d-9ba61551e18f,Дело о странных сообщениях,intro_characters,continue_without_answer,,,,characters_table,False,0,0,0,0
2026-05-26T19:34:27,e8172da7-3a0e-48ec-a30d-9ba61551e18f,Дело о странных сообщениях,characters_table,continue_without_answer,,,,t1_security_intro,False,0,0,0,0
2026-05-26T19:40:32,2866b1a5-7c79-455a-8e7f-153bbbce3b64,Дело о странных сообщениях,intro_intro,start,,,,,False,0,0,0,0
2026-05-26T19:40:33,86652f3c-c90f-4ee4-bee6-ca56f4a08306,Дело о странных сообщениях,intro_intro,start,,,,,False,0,0,0,0
2026-05-26T19:44:00,1264f3f9-2992-4c5c-a313-d7f8690e84c3,Дело о странных сообщениях,intro_intro,start,,,,,False,0,0,0,0
2026-05-26T19:44:01,b42fcca4-2fe1-4651-bc79-ae13787ed7ae,Дело о странных сообщениях,intro_intro,start,,,,,False,0,0,0,0
2026-05-26T19:44:16,d9018aa9-483e-4646-b66f-e8a2cf55b236,Дело о странных сообщениях,intro_intro,start,,,,,False,0,0,0,0
2026-05-26T19:44:22,722a89bb-2878-4c73-b70a-e632a541b5a4,Дело о странных сообщениях,intro_intro,start,,,,,False,0,0,0,0
2026-05-26T19:45:03,7d7c1b30-343a-4c07-8a02-7ca53a070e0e,Дело о странных сообщениях,intro_intro,start,,,,,False,0,0,0,0
2026-05-26T19:45:33,c1fc2945-0c80-4ae9-914a-c46947f0edb4,Дело о странных сообщениях,intro_intro,start,,,,,False,0,0,0,0
2026-05-26T19:56:39,135fcd9a-fc23-4515-99a5-1017d9f810c9,Дело о странных сообщениях,intro_intro,start,,,,,False,0,0,0,0
2026-05-26T19:56:39,486d4145-fe75-4c11-abac-bcc5eb9fae57,Дело о странных сообщениях,intro_intro,start,,,,,False,0,0,0,0
2026-05-26T19:56:51,5523faca-7d34-4a38-b917-6520219a1442,Дело о странных сообщениях,intro_intro,start,,,,,False,0,0,0,0
2026-05-26T19:56:56,0eea174b-da2b-441a-9a73-341612cdba29,Дело о странных сообщениях,intro_intro,start,,,,,False,0,0,0,0
2026-05-26T19:57:03,d3cd13cf-debc-4bc8-8ea9-ba5538a55b2c,Дело о странных сообщениях,intro_intro,start,,,,,False,0,0,0,0
2026-05-26T19:57:21,d3cd13cf-debc-4bc8-8ea9-ba5538a55b2c,Дело о странных сообщениях,intro_intro,answer_submitted,"Ответь явно: «да», «ок», «давай попробуем» или как‑то ещё согласись помочь Ване.",да,good,intro_characters,False,0,0,0,0
2026-05-26T19:57:28,d3cd13cf-debc-4bc8-8ea9-ba5538a55b2c,Дело о странных сообщениях,intro_characters,continue_without_answer,,,,characters_table,False,0,0,0,0
2026-05-26T19:57:42,d3cd13cf-debc-4bc8-8ea9-ba5538a55b2c,Дело о странных сообщениях,characters_table,continue_without_answer,,,,t1_security_intro,False,0,0,0,0
2026-05-26T19:57:55,eb6033c5-e128-4f10-8beb-64152db9b8c2,Дело о странных сообщениях,intro_intro,start,,,,,False,0,0,0,0
2026-05-26T19:58:01,8a8a53c5-6d86-42d8-8e7e-dd47d223015b,Дело о странных сообщениях,intro_intro,start,,,,,False,0,0,0,0
2026-05-26T20:03:22,16f864b3-050b-4d30-82aa-2b02169f4db0,Дело о странных сообщениях,intro_intro,start,,,,,False,0,0,0,0
2026-05-26T20:03:23,1413f52b-eb15-4b71-b805-686da1d5182e,Дело о странных сообщениях,intro_intro,start,,,,,False,0,0,0,0
2026-05-26T20:04:38,10bf4f72-8a25-427f-98a9-0f23d815178e,Дело о странных сообщениях,intro_intro,start,,,,,False,0,0,0,0
2026-05-26T20:04:39,8a89da48-7c8d-48ed-80e6-cd8ec2c0b639,Дело о странных сообщениях,intro_intro,start,,,,,False,0,0,0,0
2026-05-26T20:11:01,e3d869fe-62d7-45dc-b7de-40a5033e144f,Дело о странных сообщениях,intro_intro,start,,,,,False,0,0,0,0
2026-05-26T20:11:01,7bedf5f5-b197-4280-983c-29272909f48c,Дело о странных сообщениях,intro_intro,start,,,,,False,0,0,0,0
2026-05-26T20:11:03,8f66bdef-7709-4844-b85f-0fd0acf57453,Дело о странных сообщениях,intro_intro,start,,,,,False,0,0,0,0
2026-05-26T20:11:23,8f66bdef-7709-4844-b85f-0fd0acf57453,Дело о странных сообщениях,intro_intro,answer_submitted,"Ответь явно: «да», «ок», «давай попробуем» или как‑то ещё согласись помочь Ване.",да,good,intro_characters,False,0,0,0,0
2026-05-26T20:11:27,8f66bdef-7709-4844-b85f-0fd0acf57453,Дело о странных сообщениях,intro_characters,continue_without_answer,,,,characters_table,False,0,0,0,0
2026-05-26T20:11:31,8f66bdef-7709-4844-b85f-0fd0acf57453,Дело о странных сообщениях,characters_table,continue_without_answer,,,,t1_security_intro,False,0,0,0,0
2026-05-27T09:33:26,62edb03c-8ba0-4a81-808c-07d918d949dc,Дело о странных сообщениях,intro_intro,start,,,,,False,0,0,0,0
2026-05-27T09:33:27,886ad6f6-f22d-476b-8adc-adb6c3dc3f50,Дело о странных сообщениях,intro_intro,start,,,,,False,0,0,0,0
2026-05-27T09:33:33,886ad6f6-f22d-476b-8adc-adb6c3dc3f50,Дело о странных сообщениях,intro_intro,answer_submitted,"Ответь явно: «да», «ок», «давай попробуем» или как-то ещё согласись помочь Ване.",да,good,intro_characters,False,0,0,0,0
2026-05-27T09:33:35,886ad6f6-f22d-476b-8adc-adb6c3dc3f50,Дело о странных сообщениях,intro_characters,continue_without_answer,,,,characters_table,False,0,0,0,0
2026-05-27T09:33:37,886ad6f6-f22d-476b-8adc-adb6c3dc3f50,Дело о странных сообщениях,characters_table,continue_without_answer,,,,t1_security_intro,False,0,0,0,0
2026-05-27T09:33:47,886ad6f6-f22d-476b-8adc-adb6c3dc3f50,Дело о странных сообщениях,t1_security_intro,answer_submitted,"напиши, какие сообщения/файлы с номерами 1–8 кажутся тебе подозрительными. потом выбери одно и объясни, что именно в нём стрёмного.",4 5 6 7 8 потому что улика личных данных,good,t1_security_reflect,False,2,0,0,0
2026-05-27T09:34:13,886ad6f6-f22d-476b-8adc-adb6c3dc3f50,Дело о странных сообщениях,t1_security_reflect,answer_submitted,напиши пару мыслей: что в этой истории с ботом тебя больше всего цепляет или кажется нелогичным.,"ну, Ася упоминается, поэтому вряд ли она замешана",bad,t1_security_vanya_ideas,False,2,0,0,0
2026-05-27T09:34:26,886ad6f6-f22d-476b-8adc-adb6c3dc3f50,Дело о странных сообщениях,t1_security_vanya_ideas,answer_submitted,"Разложи список по трём категориям: что Ване нужно сделать прямо сейчас; что полезно, но можно сделать не сразу; что лишнее и не нужно делать вообще. Объясни хотя бы два пункта (из разных категорий).","срочно:
Срочно сменить пароль от Телеграма и почты.
Включить двухфакторную аутентификацию (2FA) везде, где можно.
Написать в общий чат, чтобы никто не открывал подозрительные ссылки и файлы из бота.",good,t1_security_hypothesis,False,4,0,0,0
2026-05-27T09:48:32,07240cba-5d10-48c4-a56c-bde889086bf2,Дело о странных сообщениях,intro_intro,start,,,,,False,0,0,0,0
2026-05-27T09:48:33,69961b85-cf68-4e97-8bc0-361d62df3365,Дело о странных сообщениях,intro_intro,start,,,,,False,0,0,0,0
2026-05-27T09:48:37,69961b85-cf68-4e97-8bc0-361d62df3365,Дело о странных сообщениях,intro_intro,answer_submitted,"Ответь явно: «да», «ок», «давай попробуем» или как-то ещё согласись помочь Ване.",да,good,intro_characters,False,0,0,0,0
2026-05-27T09:48:39,69961b85-cf68-4e97-8bc0-361d62df3365,Дело о странных сообщениях,intro_characters,continue_without_answer,,,,characters_table,False,0,0,0,0
2026-05-27T09:48:41,69961b85-cf68-4e97-8bc0-361d62df3365,Дело о странных сообщениях,characters_table,continue_without_answer,,,,t1_security_intro,False,0,0,0,0
2026-05-27T09:48:53,69961b85-cf68-4e97-8bc0-361d62df3365,Дело о странных сообщениях,t1_security_intro,answer_submitted,"напиши, какие сообщения/файлы с номерами 1–8 кажутся тебе подозрительными. потом выбери одно и объясни, что именно в нём стрёмного.",4 5 6 7 8 потому что личные данные сливают,good,t1_security_reflect,False,2,0,0,0
2026-05-27T09:49:06,69961b85-cf68-4e97-8bc0-361d62df3365,Дело о странных сообщениях,t1_security_reflect,answer_submitted,напиши пару мыслей: что в этой истории с ботом тебя больше всего цепляет или кажется нелогичным.,"ну, это не Ася",bad,t1_security_vanya_ideas,False,2,0,0,0
2026-05-27T09:49:17,69961b85-cf68-4e97-8bc0-361d62df3365,Дело о странных сообщениях,t1_security_vanya_ideas,answer_submitted,"Разложи список по трём категориям: что Ване нужно сделать прямо сейчас; что полезно, но можно сделать не сразу; что лишнее и не нужно делать вообще. Объясни хотя бы два пункта (из разных категорий).","срочно:
Срочно сменить пароль от Телеграма и почты.
Включить двухфакторную аутентификацию (2FA) везде, где можно.
Написать в общий чат, чтобы никто не открывал подозрительные ссылки и файлы из бота.",good,t1_security_hypothesis,False,4,0,0,0
2026-05-27T09:53:42,f77746ee-24fd-4151-93fd-2a2cf4eb84ce,Дело о странных сообщениях,intro_intro,start,,,,,False,0,0,0,0
2026-05-27T09:53:45,aabf5f9c-6fa3-4397-8a56-77421f52de02,Дело о странных сообщениях,intro_intro,start,,,,,False,0,0,0,0
2026-05-27T09:53:50,aabf5f9c-6fa3-4397-8a56-77421f52de02,Дело о странных сообщениях,intro_intro,answer_submitted,"Ответь явно: «да», «ок», «давай попробуем» или как-то ещё согласись помочь Ване.",да,good,intro_characters,False,0,0,0,0
2026-05-27T09:53:52,aabf5f9c-6fa3-4397-8a56-77421f52de02,Дело о странных сообщениях,intro_characters,continue_without_answer,,,,characters_table,False,0,0,0,0
2026-05-27T09:53:53,aabf5f9c-6fa3-4397-8a56-77421f52de02,Дело о странных сообщениях,characters_table,continue_without_answer,,,,t1_security_intro,False,0,0,0,0
2026-05-27T09:54:01,aabf5f9c-6fa3-4397-8a56-77421f52de02,Дело о странных сообщениях,t1_security_intro,answer_submitted,"напиши, какие сообщения/файлы с номерами 1–8 кажутся тебе подозрительными. потом выбери одно и объясни, что именно в нём стрёмного.",4 5 6 7 8 потому что сливают личные данные,good,t1_security_reflect,False,2,0,0,0
2026-05-27T09:54:05,aabf5f9c-6fa3-4397-8a56-77421f52de02,Дело о странных сообщениях,t1_security_reflect,answer_submitted,напиши пару мыслей: что в этой истории с ботом тебя больше всего цепляет или кажется нелогичным.,ася,bad,t1_security_vanya_ideas,False,2,0,0,0
2026-05-27T10:00:38,0e3e7b42-99c8-4b2f-9fc6-136c00f83bae,Дело о странных сообщениях,intro_intro,start,,,,,False,0,0,0,0
2026-05-27T10:00:39,8b1927a4-6866-4f2f-9668-e86ccadaf1aa,Дело о странных сообщениях,intro_intro,start,,,,,False,0,0,0,0
2026-05-27T10:00:47,8b1927a4-6866-4f2f-9668-e86ccadaf1aa,Дело о странных сообщениях,intro_intro,answer_submitted,"Ответь явно: «да», «ок», «давай попробуем» или как-то ещё согласись помочь Ване.",да,good,intro_characters,False,0,0,0,0
2026-05-27T10:00:49,8b1927a4-6866-4f2f-9668-e86ccadaf1aa,Дело о странных сообщениях,intro_characters,continue_without_answer,,,,characters_table,False,0,0,0,0
2026-05-27T10:00:51,8b1927a4-6866-4f2f-9668-e86ccadaf1aa,Дело о странных сообщениях,characters_table,continue_without_answer,,,,t1_security_intro,False,0,0,0,0
2026-05-27T10:01:02,8b1927a4-6866-4f2f-9668-e86ccadaf1aa,Дело о странных сообщениях,t1_security_intro,answer_submitted,"напиши, какие сообщения/файлы с номерами 1–8 кажутся тебе подозрительными. потом выбери одно и объясни, что именно в нём стрёмного.",4 5 6 7 8 потому что утечка личных данных,good,t1_security_reflect,False,2,0,0,0
2026-05-27T10:01:08,8b1927a4-6866-4f2f-9668-e86ccadaf1aa,Дело о странных сообщениях,t1_security_reflect,answer_submitted,напиши пару мыслей: что в этой истории с ботом тебя больше всего цепляет или кажется нелогичным.,нет,bad,t1_security_vanya_ideas,False,2,0,0,0
2026-05-27T10:01:13,8b1927a4-6866-4f2f-9668-e86ccadaf1aa,Дело о странных сообщениях,t1_security_vanya_ideas,answer_submitted,"Разложи список по трём категориям: что Ване нужно сделать прямо сейчас; что полезно, но можно сделать не сразу; что лишнее и не нужно делать вообще. Объясни хотя бы два пункта (из разных категорий).",ок,neutral,t1_security_hypothesis,False,3,0,0,0
2026-05-27T10:09:35,6520b5ef-61d0-488f-ad0f-73220020fbe3,Дело о странных сообщениях,intro_intro,start,,,,,False,0,0,0,0
2026-05-27T10:11:01,2905c184-8ab4-425d-93d2-3d71ca29d023,Дело о странных сообщениях,intro_intro,start,,,,,False,0,0,0,0
2026-05-27T10:11:07,2905c184-8ab4-425d-93d2-3d71ca29d023,Дело о странных сообщениях,intro_intro,answer_submitted,"Ответь явно: «да», «ок», «давай попробуем» или как-то ещё согласись помочь Ване.",да,good,intro_characters,False,0,0,0,0
2026-05-27T10:11:08,2905c184-8ab4-425d-93d2-3d71ca29d023,Дело о странных сообщениях,intro_characters,continue_without_answer,,,,characters_table,False,0,0,0,0
2026-05-27T10:12:04,08640676-bc03-463b-bf9e-d3220d96fa28,Дело о странных сообщениях,intro_intro,start,,,,,False,0,0,0,0
2026-05-27T10:12:09,08640676-bc03-463b-bf9e-d3220d96fa28,Дело о странных сообщениях,intro_intro,answer_submitted,"Ответь явно: «да», «ок», «давай попробуем» или как-то ещё согласись помочь Ване.",да,good,intro_characters,False,0,0,0,0
2026-05-27T10:12:11,08640676-bc03-463b-bf9e-d3220d96fa28,Дело о странных сообщениях,intro_characters,continue_without_answer,,,,characters_table,False,0,0,0,0
2026-05-27T10:12:49,b9d2070d-81c8-4262-998e-840ecfdfd00d,Дело о странных сообщениях,intro_intro,start,,,,,False,0,0,0,0
2026-05-27T10:12:52,b9d2070d-81c8-4262-998e-840ecfdfd00d,Дело о странных сообщениях,intro_intro,answer_submitted,"Ответь явно: «да», «ок», «давай попробуем» или как-то ещё согласись помочь Ване.",да,good,intro_characters,False,0,0,0,0
2026-05-27T10:12:53,b9d2070d-81c8-4262-998e-840ecfdfd00d,Дело о странных сообщениях,intro_characters,continue_without_answer,,,,characters_table,False,0,0,0,0
2026-05-27T10:12:56,b9d2070d-81c8-4262-998e-840ecfdfd00d,Дело о странных сообщениях,characters_table,continue_without_answer,,,,t1_security_intro,False,0,0,0,0
2026-05-27T10:13:05,b9d2070d-81c8-4262-998e-840ecfdfd00d,Дело о странных сообщениях,t1_security_intro,answer_submitted,"напиши, какие сообщения/файлы с номерами 1–8 кажутся тебе подозрительными. потом выбери одно и объясни, что именно в нём стрёмного.",4 5 6 7 8 потому что утечка личных данных,good,t1_security_reflect,False,2,0,0,0
2026-05-27T10:13:10,b9d2070d-81c8-4262-998e-840ecfdfd00d,Дело о странных сообщениях,t1_security_reflect,answer_submitted,напиши пару мыслей: что в этой истории с ботом тебя больше всего цепляет или кажется нелогичным.,ок,bad,t1_security_vanya_ideas,False,2,0,0,0
2026-05-27T10:15:59,d231fbff-ff36-42bc-b668-f70a8504c03f,Дело о странных сообщениях,intro_intro,start,,,,,False,0,0,0,0
2026-05-27T10:17:37,c54d4372-04ee-444e-8397-e3fe8c1c0c0c,Дело о странных сообщениях,intro_intro,start,,,,,False,0,0,0,0
2026-05-27T10:17:59,c54d4372-04ee-444e-8397-e3fe8c1c0c0c,Дело о странных сообщениях,intro_intro,answer_submitted,"Ответь явно: «да», «ок», «давай попробуем» или как-то ещё согласись помочь Ване.",да,good,intro_characters,False,0,0,0,0
2026-05-27T10:18:01,c54d4372-04ee-444e-8397-e3fe8c1c0c0c,Дело о странных сообщениях,intro_characters,continue_without_answer,,,,characters_table,False,0,0,0,0
2026-05-27T10:18:04,c54d4372-04ee-444e-8397-e3fe8c1c0c0c,Дело о странных сообщениях,characters_table,continue_without_answer,,,,t1_security_intro,False,0,0,0,0
2026-05-27T10:18:14,c54d4372-04ee-444e-8397-e3fe8c1c0c0c,Дело о странных сообщениях,t1_security_intro,answer_submitted,"напиши, какие сообщения/файлы с номерами 1–8 кажутся тебе подозрительными. потом выбери одно и объясни, что именно в нём стрёмного.",45678 утечка личных данных,good,t1_security_reflect,False,2,0,0,0
2026-05-27T10:24:04,6862f668-12b5-420c-93a7-96f99ec4502e,Дело о странных сообщениях,intro_intro,start,,,,,False,0,0,0,0
2026-05-27T10:24:08,6862f668-12b5-420c-93a7-96f99ec4502e,Дело о странных сообщениях,intro_intro,answer_submitted,"Ответь явно: «да», «ок», «давай попробуем» или как-то ещё согласись помочь Ване.",да,good,intro_characters,False,0,0,0,0
2026-05-27T10:24:10,6862f668-12b5-420c-93a7-96f99ec4502e,Дело о странных сообщениях,intro_characters,continue_without_answer,,,,characters_table,False,0,0,0,0
2026-05-27T10:24:12,6862f668-12b5-420c-93a7-96f99ec4502e,Дело о странных сообщениях,characters_table,continue_without_answer,,,,t1_security_intro,False,0,0,0,0
2026-05-27T10:24:16,6862f668-12b5-420c-93a7-96f99ec4502e,Дело о странных сообщениях,t1_security_intro,answer_submitted,"напиши, какие сообщения/файлы с номерами 1–8 кажутся тебе подозрительными. потом выбери одно и объясни, что именно в нём стрёмного.",45678,bad,t1_security_hint,False,0,0,0,0
2026-05-27T10:24:19,6862f668-12b5-420c-93a7-96f99ec4502e,Дело о странных сообщениях,t1_security_hint,answer_submitted,сформулируй ещё раз: какие объекты из списка выглядят подозрительно и по каким признакам?,ок,bad,t1_security_reflect,True,0,0,0,0
2026-05-27T10:24:31,6862f668-12b5-420c-93a7-96f99ec4502e,Дело о странных сообщениях,t1_security_reflect,answer_submitted,напиши пару мыслей: что в этой истории с ботом тебя больше всего цепляет или кажется нелогичным.,нет,bad,t1_security_vanya_ideas,False,0,0,0,0
2026-05-27T10:24:36,6862f668-12b5-420c-93a7-96f99ec4502e,Дело о странных сообщениях,t1_security_vanya_ideas,answer_submitted,"Разложи список по трём категориям: что Ване нужно сделать прямо сейчас; что полезно, но можно сделать не сразу; что лишнее и не нужно делать вообще. Объясни хотя бы два пункта (из разных категорий).",ок,neutral,t1_security_hypothesis,False,1,0,0,0
2026-05-27T10:26:36,1b1cb025-7597-42a8-929f-67420454fa28,Дело о странных сообщениях,intro_intro,start,,,,,False,0,0,0,0
2026-05-27T10:26:41,1b1cb025-7597-42a8-929f-67420454fa28,Дело о странных сообщениях,intro_intro,answer_submitted,"Ответь явно: «да», «ок», «давай попробуем» или как-то ещё согласись помочь Ване.",да,good,intro_characters,False,0,0,0,0
2026-05-27T10:26:43,1b1cb025-7597-42a8-929f-67420454fa28,Дело о странных сообщениях,intro_characters,continue_without_answer,,,,characters_table,False,0,0,0,0
2026-05-27T10:26:45,1b1cb025-7597-42a8-929f-67420454fa28,Дело о странных сообщениях,characters_table,continue_without_answer,,,,t1_security_intro,False,0,0,0,0
2026-05-27T10:26:48,1b1cb025-7597-42a8-929f-67420454fa28,Дело о странных сообщениях,t1_security_intro,answer_submitted,"напиши, какие сообщения/файлы с номерами 1–8 кажутся тебе подозрительными. потом выбери одно и объясни, что именно в нём стрёмного.",45678,bad,t1_security_hint,False,0,0,0,0
2026-05-27T10:26:53,1b1cb025-7597-42a8-929f-67420454fa28,Дело о странных сообщениях,t1_security_hint,answer_submitted,сформулируй ещё раз: какие объекты из списка выглядят подозрительно и по каким признакам?,ок,bad,t1_security_reflect,True,0,0,0,0
2026-05-27T10:28:02,1b1cb025-7597-42a8-929f-67420454fa28,Дело о странных сообщениях,t1_security_reflect,answer_submitted,напиши пару мыслей: что в этой истории с ботом тебя больше всего цепляет или кажется нелогичным.,нет,bad,t1_security_vanya_ideas,False,0,0,0,0
2026-05-27T10:28:06,1b1cb025-7597-42a8-929f-67420454fa28,Дело о странных сообщениях,t1_security_vanya_ideas,answer_submitted,"Разложи список по трём категориям: что Ване нужно сделать прямо сейчас; что полезно, но можно сделать не сразу; что лишнее и не нужно делать вообще. Объясни хотя бы два пункта (из разных категорий).",ок,neutral,t1_security_hypothesis,False,1,0,0,0
2026-05-27T10:30:23,ae540f77-ab00-4335-b1a3-32c4f9652676,Дело о странных сообщениях,intro_intro,start,,,,,False,0,0,0,0
2026-05-27T10:30:27,ae540f77-ab00-4335-b1a3-32c4f9652676,Дело о странных сообщениях,intro_intro,answer_submitted,"Ответь явно: «да», «ок», «давай попробуем» или как-то ещё согласись помочь Ване.",ок,good,intro_characters,False,0,0,0,0
2026-05-27T10:30:28,ae540f77-ab00-4335-b1a3-32c4f9652676,Дело о странных сообщениях,intro_characters,continue_without_answer,,,,characters_table,False,0,0,0,0
2026-05-27T10:30:29,ae540f77-ab00-4335-b1a3-32c4f9652676,Дело о странных сообщениях,characters_table,continue_without_answer,,,,t1_security_intro,False,0,0,0,0
2026-05-27T10:30:33,ae540f77-ab00-4335-b1a3-32c4f9652676,Дело о странных сообщениях,t1_security_intro,answer_submitted,"напиши, какие сообщения/файлы с номерами 1–8 кажутся тебе подозрительными. потом выбери одно и объясни, что именно в нём стрёмного.",ок,bad,t1_security_hint,False,0,0,0,0
2026-05-27T10:30:35,ae540f77-ab00-4335-b1a3-32c4f9652676,Дело о странных сообщениях,t1_security_hint,answer_submitted,сформулируй ещё раз: какие объекты из списка выглядят подозрительно и по каким признакам?,ок,bad,t1_security_reflect,True,0,0,0,0
2026-05-27T10:33:53,ae540f77-ab00-4335-b1a3-32c4f9652676,Дело о странных сообщениях,t1_security_reflect,answer_submitted,напиши пару мыслей: что в этой истории с ботом тебя больше всего цепляет или кажется нелогичным.,нет,bad,t1_security_vanya_ideas,False,0,0,0,0
2026-05-27T10:33:56,ae540f77-ab00-4335-b1a3-32c4f9652676,Дело о странных сообщениях,t1_security_vanya_ideas,answer_submitted,"Разложи список по трём категориям: что Ване нужно сделать прямо сейчас; что полезно, но можно сделать не сразу; что лишнее и не нужно делать вообще. Объясни хотя бы два пункта (из разных категорий).",ок,neutral,t1_security_hypothesis,False,1,0,0,0
2026-05-27T10:34:01,ae540f77-ab00-4335-b1a3-32c4f9652676,Дело о странных сообщениях,t1_security_hypothesis,answer_submitted,Сформулируй свою первую гипотезу: кто мог (или точно не мог) использовать бота и личные данные одноклассников не по правилам? Аргументируй 1-2 фактами из дела.,ок,bad,between_t1_t2_updates,False,1,0,0,0
2026-05-27T10:34:08,ae540f77-ab00-4335-b1a3-32c4f9652676,Дело о странных сообщениях,between_t1_t2_updates,continue_without_answer,,,,t2_rules_intro,False,1,0,0,0
2026-05-27T10:34:14,ae540f77-ab00-4335-b1a3-32c4f9652676,Дело о странных сообщениях,t2_rules_intro,answer_submitted,"Прочитай правило и таблицу журнала за 05.05. Выбери двух разных учеников (кроме Вани) и объясни, какой тип сообщения им должен был отправить бот по этому правилу и почему.",ок,bad,t2_rules_hint,False,1,0,0,0
2026-05-27T10:34:18,ae540f77-ab00-4335-b1a3-32c4f9652676,Дело о странных сообщениях,t2_rules_hint,answer_submitted,"попробуй ещё раз выбрать двух учеников и коротко объяснить, какое сообщение им должно прийти по правилу.",ок,bad,t2_rules_journal2,True,1,0,0,0
2026-05-27T10:34:23,ae540f77-ab00-4335-b1a3-32c4f9652676,Дело о странных сообщениях,t2_rules_journal2,answer_submitted,"Найди один пример, где всё логично по сравнению с правилом (числа → тип сообщения), и минимум два случая, где что-то выглядит странно. Объясни, кто это и что именно не сходится.",ок,bad,t2_rules_journal2_hint,False,1,0,0,0
2026-05-27T10:34:27,ae540f77-ab00-4335-b1a3-32c4f9652676,Дело о странных сообщениях,t2_rules_journal2_hint,answer_submitted,попробуй ещё раз: назови хотя бы один логичный случай и один явно странный с объяснением.,ок,bad,t2_rules_assessment,True,1,0,0,0
2026-05-27T10:34:45,ae540f77-ab00-4335-b1a3-32c4f9652676,Дело о странных сообщениях,t2_rules_assessment,answer_submitted,"опиши слабые места этой схемы: кого она может тревожить зря и кого не заметить. предложи более человечный вариант правил: кого бот должен трогать напоминаниями, а кого нет.",ок,bad,t2_update_hypothesis,False,1,0,0,0
2026-05-27T10:34:59,ae540f77-ab00-4335-b1a3-32c4f9652676,Дело о странных сообщениях,t2_update_hypothesis,answer_submitted,"Обнови свою гипотезу: напиши, кого ты сейчас считаешь главным подозреваемым и на какие факты опираешься. В финале тебе предстоит убедить Ваню в своей версии, можешь сейчас потренироваться, используя информацию выше.",хз,bad,between_t2_t3_access,False,1,0,0,0
2026-05-27T10:35:03,ae540f77-ab00-4335-b1a3-32c4f9652676,Дело о странных сообщениях,between_t2_t3_access,continue_without_answer,,,,t3_code_intro,False,1,0,0,0
2026-05-27T10:35:08,ae540f77-ab00-4335-b1a3-32c4f9652676,Дело о странных сообщениях,t3_code_intro,answer_submitted,"Объясни, зачем нужна функция classify_user, какие варианты ответов она возвращает, что означает special_flag, и предскажи результаты для Anton, Asya, Masha и Vanya.",ок,bad,t3_code_intro_hint,False,1,0,0,0
2026-05-27T10:35:17,ae540f77-ab00-4335-b1a3-32c4f9652676,Дело о странных сообщениях,t3_code_intro_hint,answer_submitted,"попробуй ещё раз коротко объяснить, зачем функция нужна и почему порядок условий здесь так важен.",ок,bad,t3_code_change,True,1,0,0,0
2026-05-27T10:35:29,ae540f77-ab00-4335-b1a3-32c4f9652676,Дело о странных сообщениях,t3_code_change,answer_submitted,"Предложи словами или кодом, как улучшить этот фрагмент.",хм,bad,t3_logs_intro,False,1,0,0,0
2026-05-27T10:35:34,ae540f77-ab00-4335-b1a3-32c4f9652676,Дело о странных сообщениях,t3_logs_intro,answer_submitted,"Журнал заходов — это список словарей visits, как в примере. Попробуй написать на python функцию, которая берёт на вход такой список и показывает последние N записей: кто заходил, во сколько и в какой файл. Если возникают трудности, можешь описать логику такой функции.",ок,bad,t3_logs_results,False,1,0,0,0
